2026-05-18T08:11:11+00:00	5043708	Lolame	https://pixabay.com/photos/honey-beekeeper-beekeeping-glass-5043708/	news/2026/pxb-5043708-3ff84f23.jpg
2026-05-18T08:14:18+00:00	4919959	Maniturm	https://pixabay.com/photos/honey-honey-jars-food-beekeeper-4919959/	news/2026/pxb-4919959-be140383.jpg
2026-05-21T22:08:00+02:00	4770245	Gasfull	https://pixabay.com/photos/honey-wild-honey-nature-4770245/	news/2026/pxb-4770245-2eae0187.jpg
2026-05-21T22:08:33+02:00	2650663	Topp-digital-Foto	https://pixabay.com/photos/beekeeper-bees-beehive-bee-colony-2650663/	news/2026/pxb-2650663-e902f765.jpg
2026-05-21T22:09:03+02:00	123081	geralt	https://pixabay.com/photos/koli-bacteria-escherichia-coli-123081/	news/2026/pxb-123081-8a1f7a84.jpg
2026-05-21T22:09:43+02:00	2650663	Topp-digital-Foto	https://pixabay.com/photos/beekeeper-bees-beehive-bee-colony-2650663/	news/2026/pxb-2650663-b1867efc.jpg
2026-05-21T22:10:03+02:00	4770245	Gasfull	https://pixabay.com/photos/honey-wild-honey-nature-4770245/	news/2026/pxb-4770245-ea7e226d.jpg
2026-05-22T10:38:00+02:00	4770245	Gasfull	https://pixabay.com/photos/honey-wild-honey-nature-4770245/	news/2026/pxb-4770245-f334fafd.jpg
2026-05-22T10:38:21+02:00	2650663	Topp-digital-Foto	https://pixabay.com/photos/beekeeper-bees-beehive-bee-colony-2650663/	news/2026/pxb-2650663-7ba99960.jpg
2026-05-22T10:38:56+02:00	2540893	anjawbk	https://pixabay.com/photos/warning-signs-biohazard-bacteria-2540893/	news/2026/pxb-2540893-395f63ea.jpg
